[{"id":"user-image-training-logo-png-transparent.png","publicUrl":"np://user.desktop.nicepage.com/Site_1071313089/images/training-logo-png-transparent.png","size":47400,"hash":"WNJm5e98MdHSVOjlpT2n0nY0Fwk=","fileName":"training-logo-png-transparent.png","name":"training-logo-png-transparent","width":2400,"height":2400,"thumbnail":{"url":"np://user.desktop.nicepage.com/Site_1071313089/images/thumbnails/training-logo-png-transparent.png","width":250,"height":250},"folderId":null,"usages":[]},{"id":"user-image-sd3.jpg","publicUrl":"np://user.desktop.nicepage.com/Site_1071313089/images/sd3.jpg","size":53387,"hash":"rPblBLfQ/+n80QUwUne93Q0Dr/I=","fileName":"sd3.jpg","name":"sd3","width":411,"height":417,"thumbnail":{"url":"np://user.desktop.nicepage.com/Site_1071313089/images/thumbnails/sd3.jpg","width":246,"height":250},"folderId":null,"originalUrl":"//images01.nicepagecdn.com/c461c07a441a5d220e8feb1a/3926318c78fc57d995a8d83b/sd3.jpg","usages":["2916604453"]},{"id":"user-image-222.jpg","publicUrl":"np://user.desktop.nicepage.com/Site_1071313089/images/222.jpg","size":130559,"hash":"v4jPg8XpuEKbqebNXPorsnP657Y=","fileName":"222.jpg","name":"222","width":740,"height":1110,"thumbnail":{"url":"np://user.desktop.nicepage.com/Site_1071313089/images/thumbnails/222.jpg","width":167,"height":250},"folderId":null,"originalUrl":"https://assets.nicepagecdn.com/d2cc3eaa/3972615/images/222.jpg","usages":["2916604453"]},{"id":"user-image-02.jpg","publicUrl":"np://user.desktop.nicepage.com/Site_1071313089/images/02.jpg","size":155114,"hash":"OHGe6u3RrykYXKZOjSAEbeWs0wQ=","fileName":"02.jpg","name":"02","width":876,"height":920,"thumbnail":{"url":"np://user.desktop.nicepage.com/Site_1071313089/images/thumbnails/02.jpg","width":238,"height":250},"folderId":null,"originalUrl":"https://assets.nicepagecdn.com/d2cc3eaa/3972615/images/02.jpg","usages":["2916604453"]},{"id":"user-image-man-gym.jpg","publicUrl":"np://user.desktop.nicepage.com/Site_1071313089/images/man-gym.jpg","size":421712,"hash":"ea3wUEY1Qur1SXpcGVqrXfmPrno=","fileName":"man-gym.jpg","name":"man-gym","width":1600,"height":1282,"thumbnail":{"url":"np://user.desktop.nicepage.com/Site_1071313089/images/thumbnails/man-gym.jpg","width":250,"height":200},"folderId":null,"originalUrl":"https://assets.nicepagecdn.com/d2cc3eaa/3972615/images/man-gym.jpg","usages":["2916604453"]},{"id":"user-image-full-shot-woman-helping-man-exer.jpg","publicUrl":"np://user.desktop.nicepage.com/Site_1071313089/images/full-shot-woman-helping-man-exer.jpg","size":184824,"hash":"AWvhh1xxE+tVTQUPr/R5qGsbeHg=","fileName":"full-shot-woman-helping-man-exer.jpg","name":"full-shot-woman-helping-man-exer","width":740,"height":1110,"thumbnail":{"url":"np://user.desktop.nicepage.com/Site_1071313089/images/thumbnails/full-shot-woman-helping-man-exer.jpg","width":167,"height":250},"folderId":null,"originalUrl":"https://assets.nicepagecdn.com/d2cc3eaa/3972615/images/full-shot-woman-helping-man-exer.jpg","usages":["2916604453"]},{"id":"user-image-64745322-c864-486f-a32f-adc405a416b2.jpg","publicUrl":"np://user.desktop.nicepage.com/Site_1071313089/images/64745322-c864-486f-a32f-adc405a416b2.jpg","size":160548,"hash":"lfuEJS/pfAuQbBGYu1q6VUiYAko=","fileName":"64745322-c864-486f-a32f-adc405a416b2.jpg","name":"64745322-c864-486f-a32f-adc405a416b2","width":740,"height":1110,"thumbnail":{"url":"np://user.desktop.nicepage.com/Site_1071313089/images/thumbnails/64745322-c864-486f-a32f-adc405a416b2.jpg","width":167,"height":250},"folderId":null,"originalUrl":"https://assets.nicepagecdn.com/d2cc3eaa/3972615/images/64745322-c864-486f-a32f-adc405a416b2.jpg","usages":["2916604453"]}]