[{"id":97322039,"title":"Blog Template","order":1,"templateKey":"blog","customTemplate":false,"customTemplateFilename":null,"pageLinks":[],"dateCreated":"2024-12-06T03:29:31.314Z","dateUpdated":"2024-12-06T03:29:33.865Z","folderId":null,"pageName":"Blog Template","serverPageId":null,"sectionCount":1,"status":2,"backwardUrl":null},{"id":1533200455,"title":"Post Template","order":2,"templateKey":"post","customTemplate":false,"customTemplateFilename":null,"pageLinks":[],"dateCreated":"2024-12-06T03:29:31.567Z","dateUpdated":"2024-12-06T03:29:33.865Z","folderId":null,"pageName":"Post Template","serverPageId":null,"sectionCount":1,"status":2,"backwardUrl":null},{"id":68272602,"title":"Product List Template","order":3,"templateKey":"products","customTemplate":false,"customTemplateFilename":null,"pageLinks":[],"dateCreated":"2024-12-06T03:29:31.818Z","dateUpdated":"2024-12-06T03:29:33.865Z","folderId":null,"pageName":"Product List Template","serverPageId":null,"sectionCount":1,"status":2,"backwardUrl":null},{"id":78928603,"title":"Product Details Template","order":4,"templateKey":"product","customTemplate":false,"customTemplateFilename":null,"pageLinks":[],"dateCreated":"2024-12-06T03:29:32.038Z","dateUpdated":"2024-12-06T03:29:33.866Z","folderId":null,"pageName":"Product Details Template","serverPageId":null,"sectionCount":1,"status":2,"backwardUrl":null},{"id":2037630105,"title":"Shopping Cart Template","order":5,"templateKey":"cart","customTemplate":false,"customTemplateFilename":null,"pageLinks":[],"dateCreated":"2024-12-06T03:29:32.221Z","dateUpdated":"2024-12-06T03:29:33.866Z","folderId":null,"pageName":"Shopping Cart Template","serverPageId":null,"sectionCount":1,"status":2,"backwardUrl":null},{"id":3619325,"title":"Checkout Template","order":6,"templateKey":"checkout","customTemplate":false,"customTemplateFilename":null,"pageLinks":[],"dateCreated":"2024-12-06T03:29:32.455Z","dateUpdated":"2024-12-06T03:29:33.867Z","folderId":null,"pageName":"Checkout Template","serverPageId":null,"sectionCount":1,"status":2,"backwardUrl":null},{"id":63603870,"title":"Login Template","order":7,"templateKey":"login","customTemplate":false,"customTemplateFilename":null,"pageLinks":[],"dateCreated":"2024-12-06T03:29:32.621Z","dateUpdated":"2024-12-06T03:29:33.867Z","folderId":null,"pageName":"Login Template","serverPageId":null,"sectionCount":1,"status":2,"backwardUrl":null},{"id":48003033,"title":"Search Page Template","order":8,"templateKey":"Search","customTemplate":false,"customTemplateFilename":null,"pageLinks":[],"dateCreated":"2024-12-06T03:29:32.745Z","dateUpdated":"2024-12-06T03:29:33.867Z","folderId":null,"pageName":"Search Page Template","serverPageId":null,"sectionCount":1,"status":2,"backwardUrl":null},{"id":1278728025,"title":"Page Password Template","order":9,"templateKey":"password","customTemplate":false,"customTemplateFilename":null,"pageLinks":[],"dateCreated":"2024-12-06T03:29:32.897Z","dateUpdated":"2024-12-06T03:29:33.867Z","folderId":null,"pageName":"Page Password Template","serverPageId":null,"sectionCount":1,"status":2,"backwardUrl":null},{"id":495129471,"title":"404 Not Found Template","order":10,"templateKey":"404","customTemplate":false,"customTemplateFilename":null,"pageLinks":[],"dateCreated":"2024-12-06T03:29:32.999Z","dateUpdated":"2024-12-06T03:29:33.867Z","folderId":null,"pageName":"404 Not Found Template","serverPageId":null,"sectionCount":1,"status":2,"backwardUrl":null},{"id":7388179,"title":"Thank You Page Template","order":11,"templateKey":"ThankYou","customTemplate":false,"customTemplateFilename":null,"pageLinks":[],"dateCreated":"2024-12-06T03:29:33.090Z","dateUpdated":"2024-12-06T03:29:33.867Z","folderId":null,"pageName":"Thank You Page Template","serverPageId":null,"sectionCount":1,"status":2,"backwardUrl":null},{"id":84823132,"title":"Главная","order":50,"templateKey":null,"customTemplate":false,"customTemplateFilename":null,"pageLinks":[],"dateCreated":"2024-12-06T03:29:34.538Z","dateUpdated":"2024-12-06T03:31:12.119Z","folderId":null,"pageName":"Главная_84823132","serverPageId":null,"sectionCount":1,"status":2,"backwardUrl":null},{"id":12326580,"title":"О нас","order":100,"templateKey":null,"customTemplate":false,"customTemplateFilename":null,"pageLinks":[],"dateCreated":"2024-12-06T03:29:33.159Z","dateUpdated":"2024-12-06T03:29:33.867Z","folderId":null,"pageName":"О нас_12326580","serverPageId":null,"sectionCount":1,"status":2,"backwardUrl":null},{"id":66373571,"title":"Контакты","order":101,"templateKey":null,"customTemplate":false,"customTemplateFilename":null,"pageLinks":[],"dateCreated":"2024-12-06T03:29:33.218Z","dateUpdated":"2024-12-06T03:29:33.867Z","folderId":null,"pageName":"Контакты_66373571","serverPageId":null,"sectionCount":1,"status":2,"backwardUrl":null},{"id":1624629938,"title":"Страница 1","order":102,"templateKey":null,"customTemplate":false,"customTemplateFilename":null,"pageLinks":[],"dateCreated":"2024-12-06T03:31:18.499Z","dateUpdated":"2024-12-06T03:32:51.107Z","folderId":null,"pageName":"Страница 1_1624629938","serverPageId":null,"sectionCount":3,"status":2,"backwardUrl":null},{"id":2916604453,"title":"Страница 2","order":103,"templateKey":null,"customTemplate":false,"customTemplateFilename":null,"pageLinks":[],"dateCreated":"2024-12-06T03:34:41.635Z","dateUpdated":"2024-12-06T03:52:26.793Z","folderId":null,"pageName":"Страница 2_2916604453","serverPageId":null,"sectionCount":3,"status":2,"backwardUrl":null}]